{"stats":{"minecraft:killed_by":{"minecraft:player":2},"minecraft:used":{"minecraft:iron_chestplate":1,"minecraft:diamond_sword":2,"minecraft:quartz_block":109,"minecraft:iron_helmet":1,"lucky:lucky_potion":2,"minecraft:quartz_stairs":23,"minecraft:iron_leggings":1},"minecraft:dropped":{"minecraft:iron_helmet":2,"minecraft:iron_leggings":2,"minecraft:iron_sword":1,"lucky:lucky_potion":1,"minecraft:iron_chestplate":2,"minecraft:quartz_block":4,"minecraft:quartz_stairs":2,"minecraft:diamond_sword":1},"minecraft:picked_up":{"minecraft:quartz_block":11,"minecraft:iron_chestplate":1,"minecraft:iron_leggings":1,"minecraft:diamond_sword":1,"minecraft:iron_helmet":1,"minecraft:quartz_stairs":1,"minecraft:iron_sword":1},"minecraft:mined":{"minecraft:fire":9},"minecraft:custom":{"minecraft:time_since_rest":2730,"minecraft:crouch_one_cm":10850,"minecraft:deaths":9,"minecraft:sprint_one_cm":56759,"minecraft:play_time":49648,"minecraft:damage_taken":3425,"minecraft:walk_one_cm":37267,"minecraft:sneak_time":3444,"minecraft:drop":14,"minecraft:jump":362,"minecraft:damage_dealt":672,"minecraft:leave_game":1,"minecraft:time_since_death":2701,"minecraft:damage_resisted":68,"minecraft:total_world_time":49648,"minecraft:fly_one_cm":316936,"minecraft:fall_one_cm":13460,"minecraft:player_kills":3}},"DataVersion":3465}