{"stats":{"minecraft:used":{"minecraft:quartz_block":25,"minecraft:quartz_stairs":23},"minecraft:custom":{"minecraft:jump":18,"minecraft:time_since_rest":13648,"minecraft:crouch_one_cm":433,"minecraft:leave_game":1,"minecraft:play_time":13648,"minecraft:sprint_one_cm":12407,"minecraft:damage_taken":30,"minecraft:time_since_death":13648,"minecraft:walk_one_cm":8198,"minecraft:sneak_time":502,"minecraft:total_world_time":13648,"minecraft:fall_one_cm":569,"minecraft:fly_one_cm":195242}},"DataVersion":3465}