{"stats":{"minecraft:used":{"minecraft:iron_chestplate":1,"minecraft:quartz_block":109,"minecraft:iron_helmet":1,"lucky:lucky_potion":2,"minecraft:quartz_stairs":23,"minecraft:iron_leggings":1},"minecraft:dropped":{"minecraft:iron_helmet":2,"minecraft:iron_leggings":2,"minecraft:iron_sword":1,"lucky:lucky_potion":1,"minecraft:iron_chestplate":2,"minecraft:quartz_block":4,"minecraft:quartz_stairs":2},"minecraft:picked_up":{"minecraft:quartz_block":11,"minecraft:iron_chestplate":1,"minecraft:iron_leggings":1,"minecraft:iron_helmet":1,"minecraft:quartz_stairs":1,"minecraft:iron_sword":1},"minecraft:mined":{"minecraft:fire":9},"minecraft:custom":{"minecraft:time_since_rest":5424,"minecraft:crouch_one_cm":9100,"minecraft:deaths":7,"minecraft:sprint_one_cm":47389,"minecraft:play_time":37648,"minecraft:damage_taken":2693,"minecraft:walk_one_cm":30649,"minecraft:sneak_time":2753,"minecraft:drop":13,"minecraft:jump":276,"minecraft:damage_dealt":350,"minecraft:leave_game":1,"minecraft:time_since_death":5387,"minecraft:damage_resisted":68,"minecraft:total_world_time":37648,"minecraft:fly_one_cm":302213,"minecraft:fall_one_cm":12415,"minecraft:player_kills":2}},"DataVersion":3465}