{"stats":{"minecraft:used":{"minecraft:iron_chestplate":1,"minecraft:quartz_block":100,"minecraft:iron_helmet":1,"lucky:lucky_potion":2,"minecraft:quartz_stairs":23,"minecraft:iron_leggings":1},"minecraft:picked_up":{"minecraft:iron_chestplate":1,"minecraft:iron_leggings":1,"minecraft:iron_helmet":1,"minecraft:iron_sword":1},"minecraft:dropped":{"minecraft:iron_helmet":2,"minecraft:iron_leggings":2,"minecraft:iron_sword":1,"lucky:lucky_potion":1,"minecraft:iron_chestplate":2,"minecraft:quartz_block":2,"minecraft:quartz_stairs":1},"minecraft:custom":{"minecraft:time_since_rest":1134,"minecraft:crouch_one_cm":988,"minecraft:deaths":1,"minecraft:sprint_one_cm":26504,"minecraft:play_time":25648,"minecraft:damage_taken":372,"minecraft:walk_one_cm":16880,"minecraft:sneak_time":798,"minecraft:drop":11,"minecraft:jump":92,"minecraft:leave_game":1,"minecraft:time_since_death":1103,"minecraft:damage_resisted":68,"minecraft:total_world_time":25648,"minecraft:fly_one_cm":263468,"minecraft:fall_one_cm":2161}},"DataVersion":3465}