{"stats":{"minecraft:killed_by":{"minecraft:player":7,"minecraft:vindicator":1},"minecraft:used":{"minecraft:pufferfish_spawn_egg":1,"minecraft:ender_chest":4,"minecraft:iron_sword":2,"minecraft:quartz_stairs":23,"minecraft:iron_chestplate":1,"minecraft:dragon_egg":1,"minecraft:golden_chestplate":1,"minecraft:quartz_block":116,"minecraft:iron_helmet":1,"minecraft:rabbit_stew":2,"minecraft:bow":57,"lucky:lucky_potion":3,"minecraft:iron_leggings":1,"minecraft:vindicator_spawn_egg":1,"minecraft:tnt":4,"minecraft:crossbow":3,"minecraft:redstone_torch":4,"minecraft:iron_pickaxe":14,"minecraft:golden_leggings":1,"minecraft:golden_helmet":1,"minecraft:diamond_sword":2,"minecraft:wooden_sword":9,"minecraft:husk_spawn_egg":1},"minecraft:killed":{"minecraft:witch":1,"minecraft:spider":2,"minecraft:skeleton":1,"minecraft:skeleton_horse":1,"minecraft:husk":1,"minecraft:rabbit":1,"minecraft:bat":4,"minecraft:wandering_trader":1,"minecraft:creeper":1,"minecraft:trader_llama":1,"minecraft:villager":1},"minecraft:crafted":{"minecraft:diamond":27,"minecraft:diamond_helmet":1,"minecraft:diamond_leggings":1,"minecraft:diamond_boots":1,"minecraft:diamond_sword":1,"minecraft:emerald":9,"minecraft:diamond_chestplate":1},"minecraft:dropped":{"minecraft:enchanted_book":10,"minecraft:golden_boots":2,"minecraft:iron_sword":2,"minecraft:golden_helmet":2,"minecraft:oak_pressure_plate":4,"minecraft:golden_horse_armor":2,"minecraft:yellow_concrete":1,"minecraft:prismarine_shard":2,"minecraft:iron_helmet":3,"minecraft:feather":2,"minecraft:cobblestone":1,"lucky:lucky_potion":6,"minecraft:light_weighted_pressure_plate":1,"minecraft:emerald":11,"minecraft:dispenser":4,"minecraft:stone_button":2,"minecraft:wooden_hoe":1,"minecraft:sponge":1,"minecraft:torch":1,"minecraft:wooden_axe":1,"minecraft:jack_o_lantern":11,"minecraft:iron_door":1,"minecraft:iron_leggings":2,"minecraft:gold_nugget":1,"minecraft:wooden_sword":2,"minecraft:chainmail_leggings":1,"minecraft:string":1,"minecraft:bone":1,"minecraft:redstone":39,"minecraft:note_block":1,"minecraft:lever":2,"minecraft:oak_trapdoor":2,"minecraft:golden_chestplate":3,"minecraft:bowl":2,"minecraft:sticky_piston":8,"minecraft:diamond_hoe":1,"minecraft:chicken":1,"minecraft:rotten_flesh":3,"minecraft:oak_planks":4,"minecraft:white_terracotta":1,"minecraft:diamond_sword":1,"minecraft:poppy":1,"minecraft:gunpowder":2,"minecraft:oak_button":6,"minecraft:dropper":10,"minecraft:iron_chestplate":2,"minecraft:quartz_block":4,"minecraft:quartz_stairs":2,"minecraft:golden_leggings":2,"minecraft:wooden_shovel":1,"minecraft:chainmail_boots":1,"minecraft:end_portal_frame":5,"minecraft:stone_pressure_plate":2,"minecraft:arrow":4,"minecraft:bow":1,"minecraft:magenta_terracotta":5},"minecraft:picked_up":{"minecraft:wooden_axe":1,"minecraft:iron_chestplate":1,"minecraft:ender_chest":4,"minecraft:chainmail_boots":1,"minecraft:chicken":1,"minecraft:creeper_head":1,"minecraft:prismarine_shard":2,"minecraft:rabbit_stew":6,"minecraft:lead":1,"minecraft:diamond_sword":1,"minecraft:wooden_pickaxe":1,"minecraft:enchanted_book":18,"minecraft:diamond_horse_armor":1,"minecraft:lapis_block":1,"minecraft:string":1,"minecraft:oak_trapdoor":2,"lucky:lucky_potion":6,"minecraft:wooden_sword":2,"minecraft:iron_leggings":1,"minecraft:quartz_slab":1,"minecraft:sticky_piston":8,"minecraft:light_weighted_pressure_plate":1,"minecraft:redstone_torch":17,"minecraft:wooden_shovel":1,"minecraft:poppy":1,"minecraft:iron_pickaxe":1,"minecraft:quartz_stairs":2,"minecraft:piston":4,"minecraft:diamond_hoe":1,"minecraft:golden_helmet":3,"minecraft:stick":1,"minecraft:torch":1,"minecraft:note_block":1,"minecraft:cake":1,"minecraft:pufferfish_spawn_egg":1,"minecraft:stone_button":2,"minecraft:redstone":78,"minecraft:golden_chestplate":3,"minecraft:iron_horse_armor":1,"minecraft:stone_pressure_plate":2,"minecraft:tnt":13,"minecraft:quartz_block":32,"minecraft:arrow":29,"minecraft:rotten_flesh":3,"minecraft:gold_ingot":32,"minecraft:white_terracotta":1,"minecraft:cobblestone":1,"minecraft:sponge":1,"minecraft:feather":2,"minecraft:iron_door":2,"minecraft:tripwire_hook":2,"minecraft:golden_leggings":3,"minecraft:beacon":1,"minecraft:end_portal_frame":16,"minecraft:golden_boots":3,"minecraft:bat_spawn_egg":1,"minecraft:gunpowder":2,"minecraft:wooden_hoe":1,"minecraft:lapis_lazuli":6,"minecraft:magenta_terracotta":5,"minecraft:bone":1,"minecraft:bow":3,"minecraft:iron_ingot":14,"minecraft:iron_sword":2,"minecraft:oak_planks":1,"minecraft:vindicator_spawn_egg":1,"minecraft:nether_quartz_ore":6,"minecraft:emerald_block":1,"minecraft:pumpkin":22,"minecraft:yellow_concrete":1,"minecraft:oak_pressure_plate":4,"minecraft:dropper":14,"minecraft:diamond_block":4,"minecraft:dragon_egg":1,"minecraft:iron_hoe":1,"minecraft:diamond_shovel":1,"minecraft:husk_spawn_egg":1,"minecraft:dispenser":4,"minecraft:diamond":38,"minecraft:lever":5,"minecraft:chainmail_leggings":2,"minecraft:iron_helmet":2,"minecraft:crossbow":1,"minecraft:golden_horse_armor":4,"minecraft:emerald":31,"minecraft:oak_button":6,"minecraft:jack_o_lantern":34,"minecraft:nether_star":1},"minecraft:mined":{"minecraft:frosted_ice":1,"minecraft:fire":33,"minecraft:diamond_block":4,"lucky:lucky_block":61,"minecraft:torch":1,"minecraft:glass":1,"minecraft:spruce_stairs":1,"minecraft:lapis_block":1,"minecraft:emerald_block":1},"minecraft:custom":{"minecraft:interact_with_anvil":1,"minecraft:mob_kills":17,"minecraft:interact_with_crafting_table":6,"minecraft:leave_game":2,"minecraft:time_since_death":5339,"minecraft:damage_resisted":68,"minecraft:sprint_one_cm":199464,"minecraft:walk_one_cm":123668,"minecraft:drop":87,"minecraft:talked_to_villager":1,"minecraft:play_time":84656,"minecraft:deaths":19,"minecraft:sneak_time":7270,"minecraft:walk_under_water_one_cm":646,"minecraft:jump":1054,"minecraft:walk_on_water_one_cm":1336,"minecraft:total_world_time":84656,"minecraft:traded_with_villager":1,"minecraft:time_since_rest":5375,"minecraft:open_enderchest":3,"minecraft:damage_taken":6641,"minecraft:damage_dealt":905,"minecraft:swim_one_cm":1465,"minecraft:fly_one_cm":461259,"minecraft:player_kills":9,"minecraft:open_chest":8,"minecraft:crouch_one_cm":22589,"minecraft:fall_one_cm":54482}},"DataVersion":3465}