{"stats":{"minecraft:killed_by":{"minecraft:player":3},"minecraft:used":{"minecraft:quartz_block":109,"minecraft:iron_helmet":1,"minecraft:quartz_stairs":23,"minecraft:golden_leggings":1,"minecraft:golden_helmet":1,"minecraft:iron_chestplate":1,"minecraft:diamond_sword":2,"minecraft:bow":22,"minecraft:golden_chestplate":1,"lucky:lucky_potion":2,"minecraft:iron_leggings":1},"minecraft:killed":{"minecraft:trader_llama":1,"minecraft:wandering_trader":1,"minecraft:villager":1},"minecraft:crafted":{"minecraft:diamond_boots":1},"minecraft:dropped":{"minecraft:diamond_sword":1,"minecraft:iron_sword":1,"minecraft:wooden_hoe":1,"minecraft:sponge":1,"minecraft:wooden_axe":1,"minecraft:iron_chestplate":2,"minecraft:golden_horse_armor":1,"minecraft:quartz_block":4,"minecraft:quartz_stairs":2,"minecraft:chainmail_boots":1,"minecraft:wooden_shovel":1,"minecraft:feather":2,"minecraft:chicken":1,"minecraft:iron_helmet":2,"minecraft:iron_leggings":2,"minecraft:oak_planks":4,"lucky:lucky_potion":1,"minecraft:arrow":4,"minecraft:chainmail_leggings":1},"minecraft:picked_up":{"minecraft:wooden_axe":1,"minecraft:sponge":1,"minecraft:golden_helmet":1,"minecraft:iron_chestplate":1,"minecraft:chainmail_boots":1,"minecraft:feather":2,"minecraft:chicken":1,"minecraft:lead":1,"minecraft:golden_leggings":1,"minecraft:wooden_pickaxe":1,"minecraft:diamond_sword":1,"minecraft:enchanted_book":10,"minecraft:golden_boots":1,"minecraft:wooden_sword":1,"minecraft:wooden_hoe":1,"minecraft:golden_chestplate":1,"minecraft:iron_leggings":1,"minecraft:quartz_block":27,"minecraft:arrow":4,"minecraft:diamond":20,"minecraft:bow":1,"minecraft:chainmail_leggings":1,"minecraft:iron_helmet":1,"minecraft:golden_horse_armor":1,"minecraft:wooden_shovel":1,"minecraft:quartz_stairs":1,"minecraft:oak_planks":1,"minecraft:iron_sword":1,"minecraft:nether_star":1},"minecraft:mined":{"minecraft:fire":9,"lucky:lucky_block":12},"minecraft:custom":{"minecraft:time_since_rest":2031,"minecraft:sprint_one_cm":106965,"minecraft:damage_taken":3825,"minecraft:walk_one_cm":67261,"minecraft:mob_kills":4,"minecraft:drop":25,"minecraft:damage_dealt":761,"minecraft:traded_with_villager":1,"minecraft:talked_to_villager":1,"minecraft:fly_one_cm":371477,"minecraft:player_kills":5,"minecraft:open_chest":1,"minecraft:crouch_one_cm":16681,"minecraft:play_time":61648,"minecraft:deaths":10,"minecraft:sneak_time":5383,"minecraft:jump":662,"minecraft:leave_game":1,"minecraft:time_since_death":2003,"minecraft:total_world_time":61648,"minecraft:damage_resisted":68,"minecraft:fall_one_cm":26018}},"DataVersion":3465}