{"stats":{"minecraft:killed_by":{"minecraft:player":5},"minecraft:used":{"minecraft:ender_chest":1,"minecraft:quartz_stairs":23,"minecraft:iron_chestplate":1,"minecraft:tnt":1,"minecraft:crossbow":2,"minecraft:golden_chestplate":1,"minecraft:redstone_torch":1,"minecraft:quartz_block":115,"minecraft:iron_helmet":1,"minecraft:wooden_sword":9,"minecraft:golden_leggings":1,"minecraft:golden_helmet":1,"minecraft:diamond_sword":2,"minecraft:bow":43,"lucky:lucky_potion":2,"minecraft:iron_leggings":1},"minecraft:killed":{"minecraft:rabbit":1,"minecraft:spider":2,"minecraft:wandering_trader":1,"minecraft:creeper":1,"minecraft:skeleton":1,"minecraft:trader_llama":1,"minecraft:villager":1},"minecraft:crafted":{"minecraft:diamond_boots":1},"minecraft:dropped":{"minecraft:enchanted_book":9,"minecraft:golden_boots":1,"minecraft:note_block":1,"minecraft:iron_sword":1,"minecraft:golden_helmet":1,"minecraft:oak_trapdoor":2,"minecraft:oak_pressure_plate":4,"minecraft:golden_chestplate":1,"minecraft:golden_horse_armor":1,"minecraft:yellow_concrete":1,"minecraft:sticky_piston":8,"minecraft:diamond_hoe":1,"minecraft:cobblestone":1,"minecraft:iron_helmet":2,"minecraft:chicken":1,"minecraft:feather":2,"minecraft:rotten_flesh":2,"minecraft:oak_planks":4,"lucky:lucky_potion":1,"minecraft:light_weighted_pressure_plate":1,"minecraft:emerald":11,"minecraft:diamond_sword":1,"minecraft:oak_button":6,"minecraft:torch":1,"minecraft:stone_button":2,"minecraft:dispenser":4,"minecraft:sponge":1,"minecraft:wooden_hoe":1,"minecraft:dropper":10,"minecraft:iron_chestplate":2,"minecraft:wooden_axe":1,"minecraft:quartz_block":4,"minecraft:quartz_stairs":2,"minecraft:golden_leggings":1,"minecraft:jack_o_lantern":11,"minecraft:iron_door":1,"minecraft:wooden_shovel":1,"minecraft:chainmail_boots":1,"minecraft:end_portal_frame":5,"minecraft:stone_pressure_plate":2,"minecraft:iron_leggings":2,"minecraft:wooden_sword":1,"minecraft:arrow":4,"minecraft:bow":1,"minecraft:chainmail_leggings":1,"minecraft:bone":1},"minecraft:picked_up":{"minecraft:wooden_axe":1,"minecraft:sponge":1,"minecraft:iron_chestplate":1,"minecraft:creeper_head":1,"minecraft:feather":2,"minecraft:chicken":1,"minecraft:chainmail_boots":1,"minecraft:ender_chest":4,"minecraft:prismarine_shard":2,"minecraft:iron_door":2,"minecraft:tripwire_hook":2,"minecraft:beacon":1,"minecraft:golden_leggings":2,"minecraft:lead":1,"minecraft:diamond_sword":1,"minecraft:wooden_pickaxe":1,"minecraft:end_portal_frame":10,"minecraft:enchanted_book":18,"minecraft:golden_boots":2,"minecraft:gunpowder":2,"lucky:lucky_potion":1,"minecraft:wooden_hoe":1,"minecraft:oak_trapdoor":2,"minecraft:string":1,"minecraft:wooden_sword":2,"minecraft:iron_leggings":1,"minecraft:sticky_piston":8,"minecraft:bone":1,"minecraft:bow":3,"minecraft:light_weighted_pressure_plate":1,"minecraft:iron_ingot":14,"minecraft:redstone_torch":16,"minecraft:wooden_shovel":1,"minecraft:quartz_stairs":1,"minecraft:iron_sword":1,"minecraft:oak_planks":1,"minecraft:piston":4,"minecraft:diamond_hoe":1,"minecraft:golden_helmet":2,"minecraft:pumpkin":9,"minecraft:yellow_concrete":1,"minecraft:torch":1,"minecraft:oak_pressure_plate":4,"minecraft:dropper":10,"minecraft:note_block":1,"minecraft:stone_button":2,"minecraft:redstone":78,"minecraft:golden_chestplate":2,"minecraft:stone_pressure_plate":2,"minecraft:tnt":12,"minecraft:quartz_block":27,"minecraft:dispenser":4,"minecraft:diamond_shovel":1,"minecraft:arrow":29,"minecraft:rotten_flesh":3,"minecraft:diamond":31,"minecraft:lever":5,"minecraft:chainmail_leggings":2,"minecraft:iron_helmet":2,"minecraft:crossbow":1,"minecraft:golden_horse_armor":2,"minecraft:gold_ingot":32,"minecraft:emerald":22,"minecraft:oak_button":6,"minecraft:jack_o_lantern":22,"minecraft:nether_star":1,"minecraft:cobblestone":1},"minecraft:mined":{"minecraft:torch":1,"minecraft:frosted_ice":1,"minecraft:fire":31,"lucky:lucky_block":40},"minecraft:custom":{"minecraft:mob_kills":10,"minecraft:traded_with_villager":1,"minecraft:leave_game":1,"minecraft:time_since_death":2404,"minecraft:damage_resisted":68,"minecraft:time_since_rest":2444,"minecraft:sprint_one_cm":153961,"minecraft:open_enderchest":2,"minecraft:damage_taken":5612,"minecraft:walk_one_cm":97222,"minecraft:drop":64,"minecraft:damage_dealt":836,"minecraft:swim_one_cm":610,"minecraft:player_kills":9,"minecraft:fly_one_cm":422473,"minecraft:talked_to_villager":1,"minecraft:open_chest":2,"minecraft:crouch_one_cm":19263,"minecraft:play_time":73648,"minecraft:deaths":16,"minecraft:sneak_time":6201,"minecraft:walk_under_water_one_cm":433,"minecraft:jump":893,"minecraft:walk_on_water_one_cm":424,"minecraft:total_world_time":73648,"minecraft:fall_one_cm":45075}},"DataVersion":3465}