{"stats":{"minecraft:killed_by":{"minecraft:player":9,"minecraft:magma_cube":1,"minecraft:warden":1,"minecraft:rabbit":3,"minecraft:guardian":1},"minecraft:used":{"minecraft:netherite_sword":23,"minecraft:trident":1,"minecraft:red_concrete":5,"minecraft:zombie_villager_spawn_egg":1,"minecraft:oak_sign":1,"minecraft:wooden_shovel":1,"minecraft:quartz_stairs":6,"minecraft:player_head":1,"minecraft:torch":2,"minecraft:dragon_egg":1,"minecraft:blue_concrete":2,"minecraft:wooden_axe":44,"minecraft:quartz_slab":33,"lucky:lucky_block":289,"minecraft:spruce_button":1,"minecraft:quartz_block":355,"minecraft:iron_helmet":1,"minecraft:smooth_quartz":9,"minecraft:music_disc_stal":1,"minecraft:bedrock":123,"minecraft:netherite_pickaxe":40,"lucky:lucky_potion":3,"minecraft:sandstone_stairs":1,"minecraft:stone_pickaxe":22,"minecraft:oak_planks":4,"minecraft:ender_pearl":14,"lucky:lucky_sword":19,"minecraft:beacon":1,"minecraft:golden_apple":1,"minecraft:jungle_wood":3,"minecraft:crafting_table":2,"minecraft:yellow_concrete":4,"minecraft:sponge":1,"minecraft:redstone_torch":1,"minecraft:wooden_hoe":1,"minecraft:diamond_pickaxe":2,"minecraft:apple":7,"minecraft:daylight_detector":1,"minecraft:barrier":13,"minecraft:golden_helmet":2,"minecraft:fishing_rod":7,"minecraft:diamond_sword":6,"minecraft:magenta_glazed_terracotta":21,"minecraft:lapis_block":1,"minecraft:golden_pickaxe":6},"minecraft:killed":{"minecraft:spider":1,"minecraft:chicken":1,"minecraft:pig":10,"minecraft:rabbit":1,"minecraft:iron_golem":1,"minecraft:creeper":2,"minecraft:sheep":1,"minecraft:zombie":5,"minecraft:villager":2},"minecraft:broken":{"minecraft:golden_helmet":1,"minecraft:golden_chestplate":1},"minecraft:crafted":{"minecraft:oak_planks":4,"minecraft:crafting_table":1,"minecraft:diamond_pickaxe":1,"minecraft:stick":4},"minecraft:dropped":{"minecraft:enchanted_book":5,"minecraft:iron_ingot":21,"minecraft:netherite_pickaxe":1,"minecraft:lapis_lazuli":17,"minecraft:golden_helmet":1,"minecraft:cooked_beef":6,"minecraft:glass_bottle":1,"minecraft:diamond":45,"lucky:lucky_block":328,"minecraft:golden_horse_armor":1,"minecraft:bookshelf":12,"minecraft:yellow_concrete":1,"minecraft:diamond_leggings":1,"minecraft:netherite_helmet":2,"minecraft:prismarine_shard":8,"minecraft:iron_helmet":1,"minecraft:cobblestone":17,"minecraft:lead":1,"minecraft:book":18,"lucky:lucky_potion":64,"minecraft:spruce_button":1,"minecraft:iron_horse_armor":1,"minecraft:copper_ingot":32,"minecraft:bedrock":3,"minecraft:chainmail_helmet":1,"minecraft:stick":17,"minecraft:cobblestone_stairs":1,"minecraft:lava_bucket":3,"minecraft:dark_oak_log":2,"minecraft:mutton":2,"minecraft:light_blue_wool":1,"minecraft:wooden_axe":1,"minecraft:rabbit":1,"minecraft:smooth_quartz":1,"minecraft:netherite_boots":2,"minecraft:potion":1,"lucky:lucky_bow":1,"minecraft:gold_nugget":2,"minecraft:amethyst_shard":32,"minecraft:bone_meal":9,"minecraft:glistering_melon_slice":2,"minecraft:chainmail_leggings":2,"minecraft:fermented_spider_eye":3,"minecraft:fishing_rod":1,"minecraft:bone":13,"minecraft:gold_ingot":23,"minecraft:red_concrete":1,"minecraft:creeper_head":1,"minecraft:nether_wart":2,"minecraft:blaze_rod":1,"minecraft:netherite_sword":3,"minecraft:rotten_flesh":7,"minecraft:iron_boots":1,"minecraft:oak_planks":6,"minecraft:blue_concrete":1,"minecraft:blaze_powder":2,"minecraft:ender_eye":12,"minecraft:oak_sign":1,"minecraft:salmon":1,"minecraft:rabbit_foot":3,"minecraft:netherite_leggings":1,"minecraft:diamond_sword":2,"minecraft:rabbit_hide":1,"minecraft:oak_fence_gate":2,"minecraft:leather_chestplate":1,"minecraft:trident":1,"minecraft:gunpowder":4,"minecraft:diamond_chestplate":5,"minecraft:iron_chestplate":1,"minecraft:quartz_block":10,"minecraft:golden_leggings":1,"minecraft:chainmail_boots":1,"minecraft:spider_eye":2,"minecraft:diamond_boots":2,"minecraft:iron_bars":6,"minecraft:arrow":2,"minecraft:bow":10,"minecraft:stone_pickaxe":2,"minecraft:magma_cream":3,"minecraft:ghast_tear":1,"lucky:lucky_sword":1},"minecraft:picked_up":{"minecraft:wooden_axe":2,"minecraft:fishing_rod":1,"minecraft:iron_chestplate":1,"minecraft:crafting_table":1,"minecraft:azure_bluet":2,"minecraft:chainmail_boots":2,"minecraft:iron_trapdoor":2,"minecraft:nether_wart":2,"minecraft:creeper_head":1,"minecraft:prismarine_shard":8,"minecraft:golden_pickaxe":2,"minecraft:redstone_lamp":4,"minecraft:lead":4,"minecraft:diamond_sword":1,"minecraft:cooked_rabbit":1,"minecraft:enchanted_book":14,"minecraft:potion":1,"minecraft:golden_shovel":2,"minecraft:diamond_horse_armor":1,"minecraft:golden_sword":2,"minecraft:heavy_weighted_pressure_plate":1,"minecraft:lapis_block":1,"minecraft:oak_trapdoor":1,"lucky:lucky_potion":12,"minecraft:iron_leggings":1,"minecraft:quartz_slab":6,"minecraft:oak_sign":3,"minecraft:diamond_leggings":2,"minecraft:gold_nugget":2,"minecraft:netherite_sword":1,"minecraft:comparator":2,"minecraft:light_weighted_pressure_plate":1,"minecraft:beef":7,"minecraft:redstone_torch":6,"minecraft:player_head":1,"minecraft:ender_eye":22,"minecraft:wooden_shovel":1,"minecraft:poppy":2,"minecraft:quartz_stairs":6,"minecraft:piston":3,"minecraft:iron_boots":1,"minecraft:golden_helmet":2,"minecraft:stick":17,"minecraft:oak_door":1,"minecraft:copper_ingot":32,"minecraft:note_block":1,"minecraft:porkchop":8,"minecraft:golden_axe":2,"minecraft:trident":1,"minecraft:redstone":17,"minecraft:golden_chestplate":1,"minecraft:iron_horse_armor":1,"minecraft:rabbit_foot":3,"minecraft:stone_pressure_plate":1,"minecraft:tnt":5,"minecraft:quartz_block":38,"minecraft:arrow":6,"minecraft:diamond_chestplate":5,"minecraft:rotten_flesh":10,"minecraft:light_blue_wool":2,"minecraft:golden_hoe":2,"minecraft:pink_glazed_terracotta":1,"minecraft:diamond_boots":2,"minecraft:sandstone_stairs":1,"minecraft:pink_tulip":4,"minecraft:gold_ingot":37,"minecraft:bookshelf":12,"minecraft:glistering_melon_slice":2,"minecraft:blaze_rod":1,"minecraft:mutton":4,"minecraft:iron_bars":6,"minecraft:skeleton_skull":1,"minecraft:blaze_powder":2,"minecraft:cobblestone":17,"minecraft:oxeye_daisy":4,"minecraft:sponge":1,"minecraft:enchanting_table":1,"minecraft:netherite_boots":2,"minecraft:leather_chestplate":1,"minecraft:repeater":5,"minecraft:cooked_beef":6,"minecraft:magma_cream":3,"minecraft:tripwire_hook":1,"minecraft:salmon":1,"minecraft:golden_leggings":1,"minecraft:music_disc_stal":2,"minecraft:beacon":2,"minecraft:potato":18,"minecraft:bedrock":1,"lucky:lucky_block":58,"minecraft:gunpowder":5,"minecraft:cobblestone_stairs":1,"minecraft:netherite_leggings":1,"minecraft:map":1,"minecraft:wooden_hoe":1,"minecraft:lapis_lazuli":37,"lucky:lucky_bow":2,"minecraft:bone":14,"minecraft:apple":6,"minecraft:bow":10,"minecraft:rabbit_hide":2,"minecraft:iron_ingot":38,"minecraft:oak_fence_gate":1,"minecraft:rabbit":1,"minecraft:glass_bottle":1,"minecraft:oak_planks":6,"minecraft:book":18,"minecraft:ghast_tear":1,"minecraft:nether_quartz_ore":22,"minecraft:pumpkin":7,"minecraft:daylight_detector":2,"minecraft:yellow_concrete":2,"minecraft:quartz":24,"minecraft:dandelion":3,"minecraft:oak_pressure_plate":2,"minecraft:poisonous_potato":5,"minecraft:lava_bucket":3,"minecraft:dropper":3,"minecraft:amethyst_shard":32,"minecraft:fermented_spider_eye":3,"minecraft:diamond_block":1,"minecraft:dark_oak_log":2,"minecraft:spider_eye":2,"minecraft:dragon_egg":1,"minecraft:dispenser":1,"minecraft:diamond":72,"minecraft:netherite_helmet":2,"minecraft:lever":2,"minecraft:chainmail_leggings":2,"minecraft:iron_helmet":1,"minecraft:bone_meal":9,"minecraft:golden_apple":10,"minecraft:chainmail_helmet":1,"minecraft:golden_horse_armor":3,"minecraft:emerald":30,"minecraft:oak_button":2,"minecraft:baked_potato":24,"minecraft:red_concrete":51,"minecraft:hopper":1,"minecraft:ender_pearl":41},"minecraft:mined":{"minecraft:blue_concrete":1,"minecraft:sandstone_stairs":1,"minecraft:diamond_block":1,"minecraft:iron_bars":2,"lucky:lucky_block":78,"minecraft:pink_glazed_terracotta":1,"minecraft:crafting_table":1,"minecraft:slime_block":3},"minecraft:custom":{"minecraft:mob_kills":26,"minecraft:interact_with_crafting_table":6,"minecraft:leave_game":5,"minecraft:time_since_death":2050,"minecraft:sprint_one_cm":142763,"minecraft:walk_one_cm":166408,"minecraft:drop":182,"minecraft:talked_to_villager":5,"minecraft:play_time":123835,"minecraft:deaths":24,"minecraft:sneak_time":8955,"minecraft:walk_under_water_one_cm":2380,"minecraft:jump":1279,"minecraft:walk_on_water_one_cm":1266,"minecraft:total_world_time":123835,"minecraft:play_record":1,"minecraft:time_since_rest":2074,"minecraft:open_enderchest":2,"minecraft:damage_taken":12208,"minecraft:damage_absorbed":400,"minecraft:damage_dealt":8157,"minecraft:interact_with_beacon":1,"minecraft:player_kills":8,"minecraft:fly_one_cm":1072510,"minecraft:open_chest":13,"minecraft:crouch_one_cm":26052,"minecraft:fall_one_cm":60549}},"DataVersion":3465}