{"stats":{"minecraft:killed_by":{"minecraft:magma_cube":1,"minecraft:warden":1,"minecraft:rabbit":3},"minecraft:used":{"minecraft:trident":1,"minecraft:netherite_sword":11,"minecraft:red_concrete":4,"minecraft:zombie_villager_spawn_egg":1,"minecraft:quartz_stairs":6,"minecraft:torch":2,"minecraft:blue_concrete":2,"minecraft:wooden_axe":14,"minecraft:quartz_slab":33,"lucky:lucky_block":248,"minecraft:spruce_button":1,"minecraft:quartz_block":186,"minecraft:smooth_quartz":9,"minecraft:bedrock":105,"minecraft:netherite_pickaxe":40,"lucky:lucky_potion":3,"minecraft:stone_pickaxe":22,"minecraft:oak_planks":4,"minecraft:ender_pearl":11,"lucky:lucky_sword":19,"minecraft:jungle_wood":3,"minecraft:golden_apple":1,"minecraft:yellow_concrete":2,"minecraft:apple":1,"minecraft:barrier":13,"minecraft:fishing_rod":7},"minecraft:killed":{"minecraft:spider":1,"minecraft:pig":8,"minecraft:rabbit":1,"minecraft:iron_golem":1,"minecraft:creeper":1,"minecraft:zombie":4,"minecraft:villager":1},"minecraft:dropped":{"minecraft:enchanted_book":5,"minecraft:iron_ingot":21,"minecraft:netherite_pickaxe":1,"minecraft:lapis_lazuli":17,"minecraft:glass_bottle":1,"minecraft:diamond":45,"lucky:lucky_block":135,"minecraft:bookshelf":12,"minecraft:diamond_leggings":1,"minecraft:netherite_helmet":2,"minecraft:prismarine_shard":8,"minecraft:cobblestone":17,"minecraft:book":16,"lucky:lucky_potion":64,"minecraft:copper_ingot":32,"minecraft:bedrock":2,"minecraft:stick":17,"minecraft:cobblestone_stairs":1,"minecraft:lava_bucket":3,"minecraft:dark_oak_log":2,"minecraft:wooden_axe":1,"minecraft:rabbit":1,"minecraft:netherite_boots":2,"minecraft:potion":1,"lucky:lucky_bow":1,"minecraft:gold_nugget":2,"minecraft:amethyst_shard":32,"minecraft:bone_meal":9,"minecraft:glistering_melon_slice":2,"minecraft:fishing_rod":1,"minecraft:fermented_spider_eye":3,"minecraft:bone":8,"minecraft:gold_ingot":23,"minecraft:nether_wart":2,"minecraft:blaze_rod":1,"minecraft:rotten_flesh":5,"minecraft:oak_planks":6,"minecraft:iron_boots":1,"minecraft:blaze_powder":2,"minecraft:ender_eye":12,"minecraft:oak_sign":1,"minecraft:salmon":1,"minecraft:rabbit_foot":3,"minecraft:netherite_leggings":1,"minecraft:diamond_sword":1,"minecraft:rabbit_hide":1,"minecraft:oak_fence_gate":2,"minecraft:leather_chestplate":1,"minecraft:trident":1,"minecraft:gunpowder":2,"minecraft:diamond_chestplate":5,"minecraft:iron_chestplate":1,"minecraft:spider_eye":2,"minecraft:diamond_boots":2,"minecraft:iron_bars":6,"minecraft:arrow":2,"minecraft:bow":10,"minecraft:stone_pickaxe":2,"minecraft:magma_cream":3,"minecraft:ghast_tear":1,"lucky:lucky_sword":1},"minecraft:picked_up":{"minecraft:wooden_axe":1,"minecraft:fishing_rod":1,"minecraft:iron_chestplate":1,"minecraft:azure_bluet":2,"minecraft:nether_wart":2,"minecraft:iron_trapdoor":2,"minecraft:prismarine_shard":8,"minecraft:redstone_lamp":4,"minecraft:diamond_sword":1,"minecraft:potion":1,"minecraft:enchanted_book":7,"minecraft:heavy_weighted_pressure_plate":1,"minecraft:oak_trapdoor":1,"lucky:lucky_potion":3,"minecraft:oak_sign":2,"minecraft:diamond_leggings":2,"minecraft:gold_nugget":2,"minecraft:comparator":2,"minecraft:light_weighted_pressure_plate":1,"minecraft:beef":7,"minecraft:redstone_torch":5,"minecraft:ender_eye":12,"minecraft:poppy":2,"minecraft:piston":3,"minecraft:iron_boots":1,"minecraft:stick":17,"minecraft:oak_door":1,"minecraft:copper_ingot":32,"minecraft:note_block":1,"minecraft:porkchop":6,"minecraft:trident":1,"minecraft:redstone":17,"minecraft:rabbit_foot":3,"minecraft:stone_pressure_plate":1,"minecraft:tnt":5,"minecraft:arrow":6,"minecraft:diamond_chestplate":5,"minecraft:rotten_flesh":5,"minecraft:diamond_boots":2,"minecraft:pink_tulip":4,"minecraft:bookshelf":12,"minecraft:glistering_melon_slice":2,"minecraft:gold_ingot":23,"minecraft:blaze_rod":1,"minecraft:iron_bars":6,"minecraft:skeleton_skull":1,"minecraft:blaze_powder":2,"minecraft:cobblestone":17,"minecraft:oxeye_daisy":4,"minecraft:netherite_boots":2,"minecraft:leather_chestplate":1,"minecraft:cooked_beef":6,"minecraft:magma_cream":3,"minecraft:repeater":5,"minecraft:tripwire_hook":1,"minecraft:salmon":1,"minecraft:beacon":1,"minecraft:potato":18,"minecraft:bedrock":1,"lucky:lucky_block":58,"minecraft:gunpowder":3,"minecraft:cobblestone_stairs":1,"minecraft:netherite_leggings":1,"minecraft:lapis_lazuli":17,"minecraft:bone":14,"minecraft:apple":2,"minecraft:bow":10,"minecraft:rabbit_hide":1,"minecraft:iron_ingot":21,"minecraft:oak_fence_gate":1,"minecraft:rabbit":1,"minecraft:glass_bottle":1,"minecraft:oak_planks":6,"minecraft:book":16,"minecraft:ghast_tear":1,"minecraft:pumpkin":7,"minecraft:daylight_detector":1,"minecraft:dandelion":3,"minecraft:oak_pressure_plate":2,"minecraft:poisonous_potato":5,"minecraft:lava_bucket":3,"minecraft:dropper":3,"minecraft:amethyst_shard":32,"minecraft:fermented_spider_eye":3,"minecraft:dark_oak_log":2,"minecraft:spider_eye":2,"minecraft:dispenser":1,"minecraft:diamond":45,"minecraft:netherite_helmet":2,"minecraft:lever":2,"minecraft:bone_meal":9,"minecraft:golden_apple":10,"minecraft:emerald":14,"minecraft:oak_button":2,"minecraft:baked_potato":24,"minecraft:hopper":1,"minecraft:ender_pearl":21},"minecraft:mined":{"lucky:lucky_block":52,"minecraft:slime_block":3},"minecraft:custom":{"minecraft:mob_kills":18,"minecraft:interact_with_crafting_table":1,"minecraft:leave_game":2,"minecraft:time_since_death":47314,"minecraft:sprint_one_cm":49115,"minecraft:walk_one_cm":73703,"minecraft:drop":147,"minecraft:talked_to_villager":3,"minecraft:play_time":79051,"minecraft:deaths":9,"minecraft:sneak_time":5650,"minecraft:walk_under_water_one_cm":2380,"minecraft:jump":446,"minecraft:walk_on_water_one_cm":1182,"minecraft:total_world_time":79051,"minecraft:time_since_rest":47339,"minecraft:damage_taken":5035,"minecraft:damage_absorbed":400,"minecraft:damage_dealt":4551,"minecraft:fly_one_cm":776760,"minecraft:open_chest":4,"minecraft:crouch_one_cm":16168,"minecraft:fall_one_cm":36173}},"DataVersion":3465}