{"stats":{"minecraft:killed_by":{"minecraft:player":10},"minecraft:used":{"minecraft:golden_boots":1,"minecraft:water_bucket":1,"minecraft:netherite_sword":4,"minecraft:iron_bars":2,"minecraft:iron_shovel":2,"minecraft:red_concrete":6,"minecraft:lime_wool":1,"minecraft:blue_wool":2,"lucky:lucky_sword":52,"minecraft:quartz_stairs":6,"minecraft:rotten_flesh":2,"minecraft:white_wool":1,"minecraft:dragon_egg":1,"minecraft:nether_quartz_ore":3,"minecraft:diamond_helmet":1,"minecraft:golden_chestplate":1,"minecraft:blue_concrete":2,"minecraft:bread":1,"minecraft:quartz_block":26,"minecraft:iron_helmet":1,"minecraft:golden_leggings":1,"minecraft:music_disc_stal":2,"minecraft:golden_helmet":1,"minecraft:pufferfish":1,"minecraft:wooden_sword":2,"minecraft:cooked_porkchop":3,"minecraft:bucket":1,"minecraft:pumpkin_pie":7,"lucky:lucky_potion":1,"minecraft:iron_leggings":1,"minecraft:jukebox":1,"minecraft:splash_potion":2},"minecraft:killed":{"minecraft:wolf":2,"minecraft:pig":4,"minecraft:sheep":5,"minecraft:skeleton":2,"minecraft:zombie":1},"minecraft:broken":{"minecraft:golden_boots":1},"minecraft:crafted":{"minecraft:wheat":72},"minecraft:picked_up":{"minecraft:splash_potion":2,"minecraft:ender_chest":2,"minecraft:water_bucket":1,"minecraft:prismarine_shard":2,"minecraft:golden_leggings":1,"minecraft:end_portal_frame":6,"minecraft:music_disc_stal":2,"minecraft:cooked_rabbit":1,"minecraft:chainmail_chestplate":1,"minecraft:golden_boots":1,"minecraft:blue_concrete":7,"minecraft:gunpowder":2,"minecraft:lapis_lazuli":19,"lucky:lucky_bow":3,"lucky:lucky_potion":14,"minecraft:wooden_sword":1,"minecraft:iron_leggings":3,"minecraft:pufferfish":1,"minecraft:quartz_slab":7,"minecraft:iron_shovel":1,"minecraft:bone":5,"minecraft:bucket":2,"minecraft:netherite_sword":1,"lucky:lucky_sword":2,"minecraft:diamond_helmet":1,"minecraft:quartz_stairs":7,"minecraft:iron_sword":1,"minecraft:blue_wool":2,"minecraft:golden_helmet":1,"minecraft:lime_wool":1,"minecraft:milk_bucket":2,"minecraft:nether_quartz_ore":25,"minecraft:cooked_porkchop":5,"minecraft:jukebox":1,"minecraft:quartz":30,"minecraft:lava_bucket":1,"minecraft:porkchop":23,"minecraft:prismarine_crystals":1,"minecraft:iron_horse_armor":1,"minecraft:golden_chestplate":1,"minecraft:dragon_egg":1,"minecraft:quartz_block":44,"minecraft:arrow":9,"minecraft:rotten_flesh":6,"minecraft:diamond":16,"minecraft:pumpkin_pie":7,"minecraft:iron_helmet":3,"minecraft:chainmail_leggings":1,"minecraft:hay_block":8,"minecraft:gold_ingot":21,"minecraft:golden_horse_armor":1,"minecraft:emerald":21,"minecraft:iron_bars":2,"minecraft:red_concrete":6,"minecraft:mutton":7,"minecraft:white_wool":1},"minecraft:dropped":{"minecraft:iron_sword":1,"minecraft:golden_helmet":1,"minecraft:ender_chest":2,"minecraft:golden_chestplate":1,"minecraft:golden_horse_armor":1,"minecraft:netherite_sword":1,"minecraft:prismarine_shard":2,"minecraft:prismarine_crystals":1,"minecraft:iron_helmet":3,"minecraft:rotten_flesh":4,"minecraft:oak_planks":1,"lucky:lucky_potion":1,"minecraft:apple":4,"minecraft:gunpowder":2,"minecraft:quartz_block":5,"minecraft:quartz_stairs":1,"minecraft:golden_leggings":1,"minecraft:iron_leggings":2,"lucky:lucky_bow":2,"minecraft:wooden_sword":1,"minecraft:nether_quartz_ore":22,"minecraft:chainmail_leggings":1,"minecraft:iron_shovel":1,"minecraft:cooked_rabbit":1,"lucky:lucky_sword":1,"minecraft:quartz":30,"minecraft:quartz_slab":7},"minecraft:mined":{"minecraft:glass":1,"lucky:lucky_block":43},"minecraft:custom":{"minecraft:mob_kills":18,"minecraft:play_record":2,"minecraft:leave_game":1,"minecraft:time_since_death":422,"minecraft:time_since_rest":452,"minecraft:sprint_one_cm":126282,"minecraft:damage_taken":12720,"minecraft:walk_one_cm":191631,"minecraft:drop":68,"minecraft:damage_dealt":3782,"minecraft:fly_one_cm":242488,"minecraft:talked_to_villager":5,"minecraft:player_kills":7,"minecraft:open_chest":3,"minecraft:crouch_one_cm":13589,"minecraft:play_time":46223,"minecraft:deaths":32,"minecraft:sneak_time":3767,"minecraft:walk_under_water_one_cm":396,"minecraft:jump":1210,"minecraft:walk_on_water_one_cm":810,"minecraft:total_world_time":46223,"minecraft:fall_one_cm":72788}},"DataVersion":3465}