{"stats":{"minecraft:killed_by":{"minecraft:player":5},"minecraft:used":{"minecraft:netherite_sword":4,"minecraft:iron_shovel":2,"minecraft:quartz_block":14,"minecraft:quartz_stairs":6,"minecraft:wooden_sword":2,"minecraft:nether_quartz_ore":3,"minecraft:splash_potion":1},"minecraft:dropped":{"minecraft:iron_sword":1,"minecraft:gunpowder":2,"minecraft:ender_chest":2,"minecraft:quartz_block":5,"minecraft:quartz_stairs":1,"minecraft:netherite_sword":1,"minecraft:iron_helmet":1,"minecraft:iron_leggings":1,"minecraft:wooden_sword":1,"minecraft:nether_quartz_ore":22,"minecraft:iron_shovel":1,"minecraft:quartz":30,"minecraft:quartz_slab":7},"minecraft:picked_up":{"minecraft:nether_quartz_ore":25,"minecraft:splash_potion":1,"minecraft:ender_chest":2,"minecraft:quartz":30,"minecraft:gunpowder":2,"minecraft:wooden_sword":1,"minecraft:iron_leggings":1,"minecraft:quartz_block":19,"minecraft:quartz_slab":7,"minecraft:iron_shovel":1,"minecraft:netherite_sword":1,"minecraft:iron_helmet":1,"minecraft:quartz_stairs":7,"minecraft:iron_sword":1},"minecraft:mined":{"lucky:lucky_block":10},"minecraft:custom":{"minecraft:time_since_rest":2772,"minecraft:walk_one_cm":70105,"minecraft:sprint_one_cm":50323,"minecraft:damage_taken":8390,"minecraft:drop":43,"minecraft:damage_dealt":1206,"minecraft:fly_one_cm":111516,"minecraft:player_kills":2,"minecraft:crouch_one_cm":7618,"minecraft:play_time":22223,"minecraft:deaths":21,"minecraft:sneak_time":1817,"minecraft:jump":594,"minecraft:leave_game":1,"minecraft:time_since_death":2749,"minecraft:total_world_time":22223,"minecraft:fall_one_cm":58095}},"DataVersion":3465}