{"stats":{"minecraft:killed_by":{"minecraft:player":10,"minecraft:creeper":1},"minecraft:used":{"minecraft:netherite_sword":4,"minecraft:enchanting_table":1,"minecraft:iron_bars":2,"minecraft:iron_shovel":2,"minecraft:red_concrete":6,"minecraft:quartz_stairs":6,"minecraft:rotten_flesh":2,"minecraft:dragon_egg":1,"minecraft:nether_quartz_ore":3,"minecraft:diamond_helmet":1,"minecraft:golden_chestplate":1,"minecraft:blue_concrete":7,"minecraft:quartz_block":26,"minecraft:iron_helmet":1,"minecraft:music_disc_stal":2,"lucky:lucky_potion":2,"minecraft:iron_leggings":1,"minecraft:golden_boots":1,"minecraft:water_bucket":2,"minecraft:lime_wool":1,"minecraft:blue_wool":2,"lucky:lucky_sword":67,"minecraft:white_wool":1,"minecraft:crafting_table":1,"minecraft:bread":1,"minecraft:iron_pickaxe":1,"minecraft:golden_leggings":1,"minecraft:golden_helmet":1,"minecraft:pufferfish":1,"minecraft:diamond_sword":22,"minecraft:wooden_sword":2,"minecraft:cooked_porkchop":5,"minecraft:bucket":1,"minecraft:pumpkin_pie":12,"minecraft:end_portal_frame":6,"minecraft:jukebox":1,"minecraft:splash_potion":2},"minecraft:killed":{"minecraft:skeleton":2,"minecraft:llama":1,"minecraft:wolf":2,"minecraft:pig":4,"minecraft:sheep":6,"minecraft:zombie":1},"minecraft:broken":{"minecraft:golden_boots":1},"minecraft:crafted":{"minecraft:diamond":18,"minecraft:diamond_leggings":1,"minecraft:diamond_boots":1,"minecraft:wheat":72,"minecraft:crafting_table":1,"minecraft:jungle_planks":4,"minecraft:diamond_chestplate":1},"minecraft:picked_up":{"minecraft:iron_chestplate":1,"minecraft:purple_wool":1,"minecraft:splash_potion":2,"minecraft:ender_chest":2,"minecraft:prismarine_shard":2,"minecraft:golden_pickaxe":1,"minecraft:diamond_sword":1,"minecraft:cooked_rabbit":1,"minecraft:golden_shovel":1,"minecraft:blue_concrete":7,"lucky:lucky_potion":19,"minecraft:wooden_sword":1,"minecraft:iron_leggings":4,"minecraft:quartz_slab":13,"minecraft:iron_shovel":1,"minecraft:pufferfish":2,"lucky:lucky_sword":2,"minecraft:netherite_sword":1,"minecraft:bucket":2,"minecraft:poppy":3,"minecraft:iron_pickaxe":1,"minecraft:quartz_stairs":7,"minecraft:blue_wool":2,"minecraft:golden_helmet":2,"minecraft:lime_wool":1,"minecraft:stick":1,"minecraft:jukebox":3,"minecraft:porkchop":23,"minecraft:golden_axe":1,"minecraft:golden_chestplate":2,"minecraft:prismarine_crystals":1,"minecraft:iron_horse_armor":2,"minecraft:quartz_block":60,"minecraft:stone_sword":1,"minecraft:arrow":41,"minecraft:rotten_flesh":6,"minecraft:stone_shovel":1,"minecraft:pumpkin_pie":19,"minecraft:hay_block":8,"minecraft:gold_ingot":21,"minecraft:music_disc_wait":1,"minecraft:mutton":7,"minecraft:iron_bars":2,"minecraft:white_wool":1,"minecraft:sponge":2,"minecraft:enchanting_table":1,"minecraft:water_bucket":1,"minecraft:golden_leggings":2,"minecraft:music_disc_stal":3,"minecraft:end_portal_frame":6,"minecraft:chainmail_chestplate":1,"minecraft:golden_boots":2,"minecraft:gunpowder":2,"minecraft:lapis_lazuli":26,"lucky:lucky_bow":3,"minecraft:bone":5,"minecraft:bow":1,"minecraft:rabbit_hide":1,"minecraft:stone_pickaxe":1,"minecraft:diamond_helmet":1,"minecraft:rabbit":1,"minecraft:iron_sword":1,"minecraft:stone_hoe":1,"minecraft:nether_quartz_ore":25,"minecraft:milk_bucket":2,"minecraft:cooked_porkchop":5,"minecraft:quartz":54,"minecraft:lava_bucket":1,"minecraft:dropper":8,"minecraft:diamond_block":2,"minecraft:dragon_egg":1,"minecraft:iron_hoe":1,"minecraft:diamond":16,"minecraft:stone_axe":1,"minecraft:chainmail_leggings":1,"minecraft:iron_helmet":4,"minecraft:golden_horse_armor":2,"minecraft:emerald":21,"minecraft:red_concrete":6},"minecraft:dropped":{"minecraft:stone_hoe":1,"minecraft:golden_boots":1,"minecraft:iron_sword":1,"minecraft:lapis_lazuli":23,"minecraft:golden_helmet":2,"minecraft:golden_pickaxe":1,"minecraft:golden_horse_armor":2,"minecraft:prismarine_shard":2,"minecraft:golden_axe":1,"minecraft:iron_helmet":4,"minecraft:prismarine_crystals":1,"lucky:lucky_potion":1,"minecraft:apple":4,"minecraft:iron_horse_armor":2,"minecraft:stick":1,"minecraft:milk_bucket":1,"minecraft:sponge":2,"minecraft:mutton":7,"minecraft:rabbit":1,"minecraft:iron_leggings":4,"lucky:lucky_bow":2,"minecraft:wooden_sword":1,"minecraft:purple_wool":1,"minecraft:iron_shovel":1,"minecraft:chainmail_leggings":1,"minecraft:music_disc_stal":1,"minecraft:bucket":1,"minecraft:stone_axe":1,"minecraft:golden_chestplate":2,"minecraft:ender_chest":2,"minecraft:stone_sword":1,"minecraft:jukebox":2,"minecraft:netherite_sword":1,"minecraft:wheat":8,"minecraft:stone_shovel":1,"minecraft:rotten_flesh":4,"minecraft:oak_planks":1,"minecraft:iron_hoe":1,"minecraft:golden_shovel":1,"minecraft:chainmail_chestplate":1,"minecraft:poppy":3,"minecraft:rabbit_hide":1,"minecraft:gunpowder":2,"minecraft:iron_chestplate":1,"minecraft:quartz_block":5,"minecraft:quartz_stairs":1,"minecraft:golden_leggings":2,"minecraft:bow":1,"minecraft:stone_pickaxe":1,"minecraft:nether_quartz_ore":22,"minecraft:quartz":54,"lucky:lucky_sword":1,"minecraft:cooked_rabbit":1,"minecraft:quartz_slab":13},"minecraft:mined":{"minecraft:diamond_block":1,"lucky:lucky_block":70,"minecraft:glass":1},"minecraft:custom":{"minecraft:mob_kills":22,"minecraft:interact_with_crafting_table":1,"minecraft:leave_game":1,"minecraft:time_since_death":5813,"minecraft:sprint_one_cm":161915,"minecraft:walk_one_cm":245483,"minecraft:drop":109,"minecraft:talked_to_villager":5,"minecraft:play_time":58223,"minecraft:deaths":36,"minecraft:sneak_time":3839,"minecraft:walk_under_water_one_cm":617,"minecraft:jump":1545,"minecraft:enchant_item":3,"minecraft:walk_on_water_one_cm":1087,"minecraft:total_world_time":58223,"minecraft:interact_with_furnace":1,"minecraft:play_record":2,"minecraft:time_since_rest":5843,"minecraft:damage_taken":14163,"minecraft:damage_dealt":6401,"minecraft:swim_one_cm":375,"minecraft:fly_one_cm":349607,"minecraft:player_kills":10,"minecraft:open_chest":9,"minecraft:crouch_one_cm":13738,"minecraft:fall_one_cm":86295}},"DataVersion":3465}