{"stats":{"minecraft:killed_by":{"minecraft:player":8},"minecraft:used":{"minecraft:golden_boots":1,"minecraft:netherite_sword":4,"minecraft:iron_shovel":2,"minecraft:lime_wool":1,"minecraft:quartz_block":14,"minecraft:blue_wool":2,"minecraft:white_wool":1,"lucky:lucky_sword":21,"minecraft:quartz_stairs":6,"minecraft:music_disc_stal":2,"minecraft:golden_leggings":1,"minecraft:golden_helmet":1,"minecraft:dragon_egg":1,"minecraft:wooden_sword":2,"minecraft:nether_quartz_ore":3,"minecraft:golden_chestplate":1,"minecraft:jukebox":1,"minecraft:splash_potion":1},"minecraft:killed":{"minecraft:sheep":5,"minecraft:wolf":1},"minecraft:crafted":{"minecraft:wheat":72},"minecraft:dropped":{"minecraft:iron_sword":1,"minecraft:gunpowder":2,"minecraft:golden_chestplate":1,"minecraft:ender_chest":2,"minecraft:golden_horse_armor":1,"minecraft:quartz_block":5,"minecraft:quartz_stairs":1,"minecraft:netherite_sword":1,"minecraft:golden_leggings":1,"minecraft:iron_helmet":1,"minecraft:iron_leggings":1,"minecraft:wooden_sword":1,"minecraft:oak_planks":1,"minecraft:apple":4,"minecraft:nether_quartz_ore":22,"minecraft:iron_shovel":1,"minecraft:quartz":30,"minecraft:quartz_slab":7},"minecraft:picked_up":{"minecraft:blue_wool":2,"minecraft:golden_helmet":1,"minecraft:lime_wool":1,"minecraft:nether_quartz_ore":25,"minecraft:splash_potion":1,"minecraft:ender_chest":2,"minecraft:jukebox":1,"minecraft:music_disc_stal":2,"minecraft:golden_leggings":1,"minecraft:quartz":30,"minecraft:chainmail_chestplate":1,"lucky:lucky_potion":13,"minecraft:golden_boots":1,"lucky:lucky_bow":1,"minecraft:gunpowder":2,"minecraft:dragon_egg":1,"minecraft:golden_chestplate":1,"minecraft:wooden_sword":1,"minecraft:iron_leggings":1,"minecraft:quartz_block":19,"minecraft:quartz_slab":7,"minecraft:iron_shovel":1,"minecraft:hay_block":8,"minecraft:chainmail_leggings":1,"lucky:lucky_sword":2,"minecraft:netherite_sword":1,"minecraft:iron_helmet":1,"minecraft:golden_horse_armor":1,"minecraft:quartz_stairs":7,"minecraft:mutton":7,"minecraft:iron_sword":1,"minecraft:white_wool":1},"minecraft:mined":{"lucky:lucky_block":22},"minecraft:custom":{"minecraft:time_since_rest":2338,"minecraft:walk_one_cm":116864,"minecraft:sprint_one_cm":84729,"minecraft:damage_taken":10769,"minecraft:mob_kills":6,"minecraft:drop":51,"minecraft:damage_dealt":2289,"minecraft:play_record":2,"minecraft:talked_to_villager":3,"minecraft:fly_one_cm":173030,"minecraft:player_kills":5,"minecraft:open_chest":1,"minecraft:crouch_one_cm":12796,"minecraft:play_time":34223,"minecraft:deaths":28,"minecraft:sneak_time":3449,"minecraft:jump":911,"minecraft:leave_game":1,"minecraft:time_since_death":2294,"minecraft:total_world_time":34223,"minecraft:fall_one_cm":66153}},"DataVersion":3465}