{"stats":{"minecraft:killed_by":{"minecraft:player":2},"minecraft:used":{"minecraft:wooden_sword":2,"minecraft:iron_shovel":2,"minecraft:nether_quartz_ore":3,"minecraft:quartz_block":14,"minecraft:quartz_stairs":6,"minecraft:splash_potion":1},"minecraft:dropped":{"minecraft:gunpowder":2,"minecraft:ender_chest":2,"minecraft:nether_quartz_ore":22,"minecraft:iron_shovel":1,"minecraft:quartz":30,"minecraft:quartz_block":5,"minecraft:quartz_stairs":1,"minecraft:iron_helmet":1,"minecraft:quartz_slab":7,"minecraft:iron_leggings":1,"minecraft:wooden_sword":1,"minecraft:iron_sword":1},"minecraft:picked_up":{"minecraft:nether_quartz_ore":25,"minecraft:quartz_slab":7,"minecraft:iron_shovel":1,"minecraft:wooden_sword":1,"minecraft:iron_leggings":1,"minecraft:splash_potion":1,"minecraft:quartz_block":19,"minecraft:ender_chest":2,"minecraft:quartz":30,"minecraft:iron_helmet":1,"minecraft:gunpowder":2,"minecraft:quartz_stairs":7,"minecraft:iron_sword":1},"minecraft:mined":{"lucky:lucky_block":10},"minecraft:custom":{"minecraft:time_since_rest":881,"minecraft:crouch_one_cm":5658,"minecraft:play_time":10383,"minecraft:sprint_one_cm":18249,"minecraft:walk_one_cm":33063,"minecraft:damage_taken":4703,"minecraft:deaths":10,"minecraft:sneak_time":1389,"minecraft:drop":42,"minecraft:jump":230,"minecraft:damage_dealt":264,"minecraft:time_since_death":763,"minecraft:total_world_time":10383,"minecraft:fall_one_cm":41018,"minecraft:fly_one_cm":33142}},"DataVersion":3465}